sensor_index,name,location_type,model,hardware,latitude,longitude
33027,Lagos del Bosque,0,PA-II,2.0+BME280+PMSX003-B+PMSX003-A,25.600061,-100.26256
33117,Liceo de Monterrey,0,PA-II,2.0+BME280+PMSX003-B+PMSX003-A,25.650322,-100.32849
34441,Callejon de los Ayala,0,PA-II,2.0+BME280+PMSX003-B+PMSX003-A,25.6665,-100.3976
34499,San Patricio #106,0,PA-II,2.0+BME280+PMSX003-B+PMSX003-A,25.641743,-100.3472
34511,Rosario,0,PA-II,2.0+BME280+PMSX003-B+PMSX003-A,25.640432,-100.392265
36709,San Roberto International School Campus San Agustin,0,PA-II,2.0+BME280+PMSX003-B+PMSX003-A,25.645615,-100.3372
42211,RF,1,PA-I,2.0+BME280+PMSX003-A,25.61638,-100.316124
43627,Liceo de Monterrey Rosemont,0,PA-II-SD,2.0+OPENLOG+15582 MB+DS3231+BME280+PMSX003-B+PMSX003-A,25.6778,-100.3516
45769,Huascaran,0,PA-II-SD,2.0+OPENLOG+15802 MB+DS3231+BME280+PMSX003-B+PMSX003-A,25.637255,-100.399216
46599,Esponosa,1,PA-I,2.0+BME280+PMSX003-A,25.678625,-100.31967
47233,Colegio Israelita de Mty,0,PA-II-SD,2.0+OPENLOG+15802 MB+DS3231+BME280+PMSX003-B+PMSX003-A,25.693445,-100.35304
49949,El Horizonte,0,PA-II,2.0+BME280+PMSX003-B+PMSX003-A,25.677492,-100.29761
50555,Treviño,0,PA-II,2.0+BME280+PMSX003-B+PMSX003-A,25.638243,-100.36743
50871,TEC Garza Laguera,0,PA-II-SD,2.0+OPENLOG+NO-DISK+DS3231+BME280+PMSX003-B+PMSX003-A,25.61827,-100.27293
60027,Torre Koi,0,PA-II-SD,2.0+OPENLOG+NO-DISK+DS3231+BME280+PMSX003-B+PMSX003-A,25.641954,-100.32199
62831,Koi IdeI,1,PA-I,2.0+BME280+PMSX003-A,25.64202,-100.322105
71091,JNAirCare,1,PA-I,2.0+BME280+PMSX003-A,25.646965,-100.38512
84411,Sima UANL,0,PA-II-SD,2.0+OPENLOG+15485 MB+DS3231+BME280+PMSX003-B+PMSX003-A,25.729715,-100.31027
93711,Sima Prepa Militarizada,0,PA-II-SD,2.0+OPENLOG+NO-DISK+DS3231+BME280+PMSX003-B+PMSX003-A,25.762922,-100.36954
119965,Grupo Reforma El Norte,0,PA-II,2.0+BME280+PMSX003-B+PMSX003-A,25.674164,-100.30816
121719,GrupoReforma La Silla,0,PA-II,2.0+BME280+PMSX003-B+PMSX003-A,25.637156,-100.273186
142670,Estación de Monitoreo de Calidad del Aire Comité Estatal PAN,0,PA-II,2.0+BME280+PMSX003-B+PMSX003-A,25.680895,-100.310295
147010,Santa Barbara,0,PA-II-SD,2.0+OPENLOG+15802 MB+DS3231+BME280+PMSX003-B+PMSX003-A,25.661701,-100.38932
169221,Imobilem Piso 5,1,PA-I-LED,3.0+BME68X+KX122+PMSX003-A,25.634949,-100.36249
173083,Palo Blanco,0,PA-II,2.0+BME280+PMSX003-B+PMSX003-A,25.656317,-100.39748
174781,Colegio Cambridge de Monterrey Campus Mitras,0,PA-II-FLEX,3.0+OPENLOG+NO-DISK+RV3028+BME68X+KX122+PMSX003-A+PMSX003-B,25.696613,-100.348114
174787,Colegio Cambridge de Monterrey Campus Norte,0,PA-II-FLEX,3.0+OPENLOG+NO-DISK+RV3028+BME68X+KX122+PMSX003-A+PMSX003-B,25.779613,-100.28022
175081,Cabaña Chipinque,0,PA-II-FLEX,3.0+OPENLOG+NO-DISK+RV3028+BME68X+PMSX003-A+PMSX003-B,25.60932,-100.35827
189431,BEA,0,PA-II,2.0+BME280+PMSX003-B+PMSX003-A,25.65725,-100.35996
189435,Olinalá,0,PA-II,2.0+BME280+PMSX003-B+PMSX003-A,25.618986,-100.37645
189447,RÍO AMAZONAS - CALZADA NORTE,0,PA-II,2.0+BME280+PMSX003-B+PMSX003-A,25.662413,-100.37162
189455,CHIPINQUE CAV,0,PA-II,2.0+BME280+PMSX003-B+PMSX003-A,25.618307,-100.359955
189469,Hospital Zambran Hellion TecSalud,0,PA-II,2.0+BME280+PMSX003-B+PMSX003-A,25.64684,-100.33364
203705,Miguel Alemán,0,PA-II-FLEX,3.0+OPENLOG+NO-DISK+RV3028+BME68X+PMSX003-A+PMSX003-B,25.77774,-100.18215
208785,Colegio Cambridge de Monterrey Campus Anáhuac,0,PA-II-FLEX,3.0+OPENLOG+NO-DISK+RV3028+BME68X+KX122+PMSX003-A+PMSX003-B,25.77144,-100.26785
209147,Rincon de San Jeronimo,0,PA-II,2.0+BME280+PMSX003-B+PMSX003-A,25.691032,-100.375786
226601,Universidad y Sor Juana Ines de la Cruz,0,PA-II-FLEX,3.0+OPENLOG+31914 MB+RV3028+BME68X+KX122+PMSX003-A+PMSX003-B,25.738346,-100.30299
226615,Andalucia,0,PA-II-FLEX,3.0+OPENLOG+31914 MB+RV3028+BME68X+KX122+PMSX003-A+PMSX003-B,25.720942,-100.2422
227585,Impladem,0,PA-II-FLEX,3.0+OPENLOG+31914 MB+RV3028+BME68X+KX122+PMSX003-A+PMSX003-B,25.763647,-100.31988
227879,Rectoria,0,PA-II-FLEX,3.0+OPENLOG+NO-DISK+RV3028+BME68X+PMSX003-A+PMSX003-B,25.651268,-100.291214
227889,Parque Central,0,PA-II-FLEX,3.0+OPENLOG+NO-DISK+RV3028+BME68X+PMSX003-A+PMSX003-B,25.65214,-100.28734
227913,Centro de Congresos,0,PA-II-FLEX,3.0+OPENLOG+NO-DISK+RV3028+BME68X+PMSX003-A+PMSX003-B,25.648985,-100.29026
227925,Jardín de las carreras,0,PA-II-FLEX,3.0+OPENLOG+NO-DISK+RV3028+BME68X+PMSX003-A+PMSX003-B,25.650778,-100.28892
227965,PrepaTec EGS Aulas 2,0,PA-II-FLEX,3.0+OPENLOG+NO-DISK+RV3028+BME68X+PMSX003-A+PMSX003-B,25.669565,-100.357025
228003,EGL-Jardín Robótica,0,PA-II-FLEX,3.0+OPENLOG+NO-DISK+RV3028+BME68X+PMSX003-A+PMSX003-B,25.61803,-100.27554
228383,Estadio Banorte,0,PA-II-FLEX,3.0+OPENLOG+NO-DISK+RV3028+BME68X+PMSX003-A+PMSX003-B,25.654228,-100.28651
228389,PEGS-Sensor-Canchas,0,PA-II-FLEX,3.0+OPENLOG+NO-DISK+RV3028+BME68X+PMSX003-A+PMSX003-B,25.670425,-100.35683
228407,CEDES,0,PA-II-FLEX,3.0+OPENLOG+NO-DISK+RV3028+BME68X+PMSX003-A+PMSX003-B,25.653677,-100.29242
228549,Rectoria,0,PA-II-FLEX,3.0+OPENLOG+NO-DISK+RV3028+BME68X+PMSX003-A+PMSX003-B,25.651243,-100.29115
228555,EGL-JARDÍN ROB,0,PA-II-FLEX,3.0+OPENLOG+NO-DISK+RV3028+BME68X+PMSX003-A+PMSX003-B,25.61808,-100.27457
